source,headline,url,content,image
Motley Fool,Why Fiverr International Stock Is Soaring Today,https://finance.yahoo.comhttps://finance.yahoo.com/news/why-fiverr-international-stock-soaring-155618216.html,Fiverr's stock jumped on robust earnings and a strategic acquisition.,https://s.yimg.com/uu/api/res/1.2/_GxGUktc0TJnohyQKmQk1A--~B/Zmk9c3RyaW07aD0xMjM7cT04MDt3PTIyMDthcHBpZD15dGFjaHlvbg--/https://media.zenfs.com/en/motleyfool.com/c6c60d1b2fa43adec0b19773c06abff0.cf.jpg
Motley Fool,Will Groupon Stock Be a Market Beater in the Final 5 Months of 2024?,https://finance.yahoo.comhttps://finance.yahoo.com/news/groupon-stock-market-beater-final-154500170.html,The online seller of prepaid vouchers for local experiences opened lower following a financial update that may not be as bad as you think.,https://s.yimg.com/uu/api/res/1.2/sDgyymZ0atTciLIGtdvWbw--~B/Zmk9c3RyaW07aD0xMjM7cT04MDt3PTIyMDthcHBpZD15dGFjaHlvbg--/https://media.zenfs.com/en/motleyfool.com/0fe1f8dff8bee3c256e076cd04769887.cf.jpg
Motley Fool,Is The Trade Desk Stock Going to $105? 1 Wall Street Analyst Thinks So,https://finance.yahoo.comhttps://finance.yahoo.com/news/trade-desk-stock-going-105-153500069.html,"Investors are worried about the future of the online advertising market, and they really shouldn't be.",https://s.yimg.com/uu/api/res/1.2/ee8onSXvGSzBeSj2XD8xIQ--~B/Zmk9c3RyaW07aD0xMjM7cT04MDt3PTIyMDthcHBpZD15dGFjaHlvbg--/https://media.zenfs.com/en/motleyfool.com/8e7ed9e40ad233b6f1f86714c8693e69.cf.jpg
Bloomberg,Stocks Rally as Nvidia Up 11% After Bullish Call: Markets Wrap,https://finance.yahoo.comhttps://finance.yahoo.com/news/japan-stocks-set-drop-ahead-224439598.html,"(Bloomberg) -- Stocks staged a rebound amid a rally in beaten-down chipmakers, with the latest economic data bolstering bets the Federal Reserve will signal a rate cut in September.Most Read from BloombergKamala Harris Wipes Out Trump’s Swing-State Lead in Election Dead HeatIntel to Cut Thousands of Jobs to Reduce Costs, Fund ReboundLuxury Heir Alleges His $13 Billion Hermès Fortune Has VanishedHamas Says Israel Killed Political Leader With Airstrike in IranIsrael’s Twin Strikes in Tehran, Beiru",https://s.yimg.com/uu/api/res/1.2/xaHtAud_YehOyzBI4h8rTA--~B/Zmk9c3RyaW07aD0xMjM7cT04MDt3PTIyMDthcHBpZD15dGFjaHlvbg--/https://media.zenfs.com/en/bloomberg_technology_68/c519fe8379129410e195d04fb76b900a.cf.jpg
Motley Fool,Is Alphabet Stock Going to $205? 1 Wall Street Analyst Thinks So.,https://finance.yahoo.comhttps://finance.yahoo.com/news/alphabet-stock-going-205-1-151600401.html,One analyst sees a buying opportunity in the recent sell-off.,https://s.yimg.com/uu/api/res/1.2/7ePUPcRBmCk2QdHnBlptTA--~B/Zmk9c3RyaW07aD0xMjM7cT04MDt3PTIyMDthcHBpZD15dGFjaHlvbg--/https://media.zenfs.com/en/motleyfool.com/dd44898a73d13ae9299b6df5ccf5d21b.cf.jpg
USA TODAY,"Nasdaq, S&P 500 ride chip-stock wave before Fed verdict; Microsoft slips",https://finance.yahoo.comhttps://finance.yahoo.com/news/nasdaq-p-500-ride-chip-151150555.html,"Tech and chip stocks have taken a hit this month, after prompting a record-breaking Wall Street run this year.",https://s.yimg.com/uu/api/res/1.2/o7JWQHeHs9EmCTtc7ZtfWQ--~B/Zmk9c3RyaW07aD0xMjM7cT04MDt3PTIyMDthcHBpZD15dGFjaHlvbg--/https://media.zenfs.com/en/usa_today_money_325/a953e5e5ae7ae3a46958751edca92a4b.cf.jpg
Yahoo Finance,"Nvidia stock soars 10% after strong AMD results, bullish call from Morgan Stanley",https://finance.yahoo.comhttps://finance.yahoo.com/news/nvidia-stock-soars-10-after-strong-amd-results-bullish-call-from-morgan-stanley-150152731.html,Nvidia shares were soaring as tech stocks led markets higher following strong results from AMD and a positive note from analysts at Morgan Stanley.,https://s.yimg.com/uu/api/res/1.2/GvJ65qBuZFgfKhQzxgaiYw--~B/Zmk9c3RyaW07aD0xMjM7cT04MDt3PTIyMDthcHBpZD15dGFjaHlvbg--/https://s.yimg.com/os/creatr-uploaded-images/2024-07/71867dd0-4f42-11ef-beff-3cb1135e1d64.cf.jpg
Motley Fool,Why AMD Stock Is Soaring Today,https://finance.yahoo.comhttps://finance.yahoo.com/news/why-amd-stock-soaring-today-150004835.html,Is AMD about to enter a new growth phase thanks to AI?,https://s.yimg.com/uu/api/res/1.2/91VwVlJ1CnmZIouc8YzaxA--~B/Zmk9c3RyaW07aD0xMjM7cT04MDt3PTIyMDthcHBpZD15dGFjaHlvbg--/https://media.zenfs.com/en/motleyfool.com/8d2c4ff16cf0d73649c36ddfda76fcc7.cf.jpg
Motley Fool,Why Starbucks Stock Popped on Wednesday,https://finance.yahoo.comhttps://finance.yahoo.com/news/why-starbucks-stock-popped-wednesday-144947042.html,Starbucks doesn't look like much of a value stock (yet).,https://s.yimg.com/uu/api/res/1.2/zQuu2DK72VrAg3jFQUOITQ--~B/Zmk9c3RyaW07aD0xMjM7cT04MDt3PTIyMDthcHBpZD15dGFjaHlvbg--/https://media.zenfs.com/en/motleyfool.com/54afe17c38d069fd930c1f6f01cbfd42.cf.jpg
Yahoo Finance,The AI stock plunge is just warming up: Citi strategist,https://finance.yahoo.comhttps://finance.yahoo.com/news/the-ai-stock-plunge-is-just-warming-up-citi-strategist-144724393.html,The tech stock pullback may have further room to run. Here's why.,https://s.yimg.com/uu/api/res/1.2/mDWeCdIJ2K5BrXv4PV0Zrw--~B/Zmk9c3RyaW07aD0xMjM7cT04MDt3PTIyMDthcHBpZD15dGFjaHlvbg--/https://s.yimg.com/os/creatr-uploaded-images/2024-07/a79862f0-48bf-11ef-9def-e4b7cf7606df.cf.jpg
